Class,Sex
Crew,Male
Crew,Male
Crew,Male
Crew,Male
Crew,Male
Crew,Male
Crew,Male
Crew,Male
Crew,Male
Crew,Male
Crew,Male
Crew,Male
Crew,Male
Crew,Male
Crew,Male
Crew,Male
Crew,Male
Crew,Male
Crew,Male
Crew,Male
Crew,Male
Crew,Male
Crew,Male
Crew,Male
Crew,Male
Crew,Male
Crew,Male
Crew,Male
Crew,Male
Crew,Male
Crew,Male
Crew,Male
Crew,Male
Crew,Male
Crew,Male
Crew,Male
Crew,Male
Crew,Male
Crew,Male
Crew,Male
Crew,Male
Crew,Male
Crew,Male
Crew,Male
Crew,Male
Crew,Male
Crew,Male
Crew,Male
Crew,Male
Crew,Male
Crew,Male
Crew,Male
Crew,Male
Crew,Male
Crew,Male
Crew,Male
Crew,Male
Crew,Male
Crew,Male
Crew,Male
Crew,Male
Crew,Male
Crew,Male
Crew,Male
Crew,Male
Crew,Male
Crew,Male
Crew,Male
Crew,Male
Crew,Male
Crew,Male
Crew,Male
Crew,Male
Crew,Male
Crew,Male
Crew,Male
Crew,Male
Crew,Male
Crew,Male
Crew,Male
Crew,Male
Crew,Male
Crew,Male
Crew,Male
Crew,Male
Crew,Male
Crew,Male
Crew,Male
Crew,Male
Crew,Male
Crew,Male
Crew,Male
Crew,Male
Crew,Male
Crew,Male
Crew,Male
Crew,Male
Crew,Male
Crew,Male
Crew,Male
Crew,Male
Crew,Male
Crew,Male
Crew,Male
Crew,Male
Crew,Male
Crew,Male
Crew,Male
Crew,Male
Crew,Male
Crew,Male
Crew,Male
Crew,Male
Crew,Male
Crew,Male
Crew,Male
Crew,Male
Crew,Male
Crew,Male
Crew,Male
Crew,Male
Crew,Male
Crew,Male
Crew,Male
Crew,Male
Crew,Male
Crew,Male
Crew,Male
Crew,Male
Crew,Male
Crew,Male
Crew,Male
Crew,Male
Crew,Male
Crew,Male
Crew,Male
Crew,Male
Crew,Male
Crew,Male
Crew,Male
Crew,Male
Crew,Male
Crew,Male
Crew,Male
Crew,Male
Crew,Male
Crew,Male
Crew,Male
Crew,Male
Crew,Male
Crew,Male
Crew,Male
Crew,Male
Crew,Male
Crew,Male
Crew,Male
Crew,Male
Crew,Male
Crew,Male
Crew,Male
Crew,Male
Crew,Male
Crew,Male
Crew,Male
Crew,Male
Crew,Male
Crew,Male
Crew,Male
Crew,Male
Crew,Male
Crew,Male
Crew,Male
Crew,Male
Crew,Male
Crew,Male
Crew,Male
Crew,Male
Crew,Male
Crew,Male
Crew,Male
Crew,Male
Crew,Male
Crew,Male
Crew,Male
Crew,Male
Crew,Male
Crew,Male
Crew,Male
Crew,Male
Crew,Male
Crew,Male
Crew,Male
Crew,Male
Crew,Male
Crew,Male
Crew,Male
Crew,Male
Crew,Male
Crew,Male
Crew,Male
Crew,Male
Crew,Male
Crew,Male
Crew,Male
Crew,Male
Crew,Male
Crew,Male
Crew,Male
Crew,Male
Crew,Male
Crew,Male
Crew,Male
Crew,Male
Crew,Male
Crew,Male
Crew,Male
Crew,Male
Crew,Male
Crew,Male
Crew,Male
Crew,Male
Crew,Male
Crew,Male
Crew,Male
Crew,Male
Crew,Male
Crew,Male
Crew,Male
Crew,Male
Crew,Male
Crew,Male
Crew,Male
Crew,Male
Crew,Male
Crew,Male
Crew,Male
Crew,Male
Crew,Male
Crew,Male
Crew,Male
Crew,Male
Crew,Male
Crew,Male
Crew,Male
Crew,Male
Crew,Male
Crew,Male
Crew,Male
Crew,Male
Crew,Male
Crew,Male
Crew,Male
Crew,Male
Crew,Male
Crew,Male
Crew,Male
Crew,Male
Crew,Male
Crew,Male
Crew,Male
Crew,Male
Crew,Male
Crew,Male
Crew,Male
Crew,Male
Crew,Male
Crew,Male
Crew,Male
Crew,Male
Crew,Male
Crew,Male
Crew,Male
Crew,Male
Crew,Male
Crew,Male
Crew,Male
Crew,Male
Crew,Male
Crew,Male
Crew,Male
Crew,Male
Crew,Male
Crew,Male
Crew,Male
Crew,Male
Crew,Male
Crew,Male
Crew,Male
Crew,Male
Crew,Male
Crew,Male
Crew,Male
Crew,Male
Crew,Male
Crew,Male
Crew,Male
Crew,Male
Crew,Male
Crew,Male
Crew,Male
Crew,Male
Crew,Male
Crew,Male
Crew,Male
Crew,Male
Crew,Male
Crew,Male
Crew,Male
Crew,Male
Crew,Male
Crew,Male
Crew,Male
Crew,Male
Crew,Male
Crew,Male
Crew,Male
Crew,Male
Crew,Male
Crew,Male
Crew,Male
Crew,Male
Crew,Male
Crew,Male
Crew,Male
Crew,Male
Crew,Male
Crew,Male
Crew,Male
Crew,Male
Crew,Male
Crew,Male
Crew,Male
Crew,Male
Crew,Male
Crew,Male
Crew,Male
Crew,Male
Crew,Male
Crew,Male
Crew,Male
Crew,Male
Crew,Male
Crew,Male
Crew,Male
Crew,Male
Crew,Male
Crew,Male
Crew,Male
Crew,Male
Crew,Male
Crew,Male
Crew,Male
Crew,Male
Crew,Male
Crew,Male
Crew,Male
Crew,Male
Crew,Male
Crew,Male
Crew,Male
Crew,Male
Crew,Male
Crew,Male
Crew,Male
Crew,Male
Crew,Male
Crew,Male
Crew,Male
Crew,Male
Crew,Male
Crew,Male
Crew,Male
Crew,Male
Crew,Male
Crew,Male
Crew,Male
Crew,Male
Crew,Male
Crew,Male
Crew,Male
Crew,Male
Crew,Male
Crew,Male
Crew,Male
Crew,Male
Crew,Male
Crew,Male
Crew,Male
Crew,Male
Crew,Male
Crew,Male
Crew,Male
Crew,Male
Crew,Male
Crew,Male
Crew,Male
Crew,Male
Crew,Male
Crew,Male
Crew,Male
Crew,Male
Crew,Male
Crew,Male
Crew,Male
Crew,Male
Crew,Male
Crew,Male
Crew,Male
Crew,Male
Crew,Male
Crew,Male
Crew,Male
Crew,Male
Crew,Male
Crew,Male
Crew,Male
Crew,Male
Crew,Male
Crew,Male
Crew,Male
Crew,Male
Crew,Male
Crew,Male
Crew,Male
Crew,Male
Crew,Male
Crew,Male
Crew,Male
Crew,Male
Crew,Male
Crew,Male
Crew,Male
Crew,Male
Crew,Male
Crew,Male
Crew,Male
Crew,Male
Crew,Male
Crew,Male
Crew,Male
Crew,Male
Crew,Male
Crew,Male
Crew,Male
Crew,Male
Crew,Male
Crew,Male
Crew,Male
Crew,Male
Crew,Male
Crew,Male
Crew,Male
Crew,Male
Crew,Male
Crew,Male
Crew,Male
Crew,Male
Crew,Male
Crew,Male
Crew,Male
Crew,Male
Crew,Male
Crew,Male
Crew,Male
Crew,Male
Crew,Male
Crew,Male
Crew,Male
Crew,Male
Crew,Male
Crew,Male
Crew,Male
Crew,Male
Crew,Male
Crew,Male
Crew,Male
Crew,Male
Crew,Male
Crew,Male
Crew,Male
Crew,Male
Crew,Male
Crew,Male
Crew,Male
Crew,Male
Crew,Male
Crew,Male
Crew,Male
Crew,Male
Crew,Male
Crew,Male
Crew,Male
Crew,Male
Crew,Male
Crew,Male
Crew,Male
Crew,Male
Crew,Male
Crew,Male
Crew,Male
Crew,Male
Crew,Male
Crew,Male
Crew,Male
Crew,Male
Crew,Male
Crew,Male
Crew,Male
Crew,Male
Crew,Male
Crew,Male
Crew,Male
Crew,Male
Crew,Male
Crew,Male
Crew,Male
Crew,Male
Crew,Male
Crew,Male
Crew,Male
Crew,Male
Crew,Male
Crew,Male
Crew,Male
Crew,Male
Crew,Male
Crew,Male
Crew,Male
Crew,Male
Crew,Male
Crew,Male
Crew,Male
Crew,Male
Crew,Male
Crew,Male
Crew,Male
Crew,Male
Crew,Male
Crew,Male
Crew,Male
Crew,Male
Crew,Male
Crew,Male
Crew,Male
Crew,Male
Crew,Male
Crew,Male
Crew,Male
Crew,Male
Crew,Male
Crew,Male
Crew,Male
Crew,Male
Crew,Male
Crew,Male
Crew,Male
Crew,Male
Crew,Male
Crew,Male
Crew,Male
Crew,Male
Crew,Male
Crew,Male
Crew,Male
Crew,Male
Crew,Male
Crew,Male
Crew,Male
Crew,Male
Crew,Male
Crew,Male
Crew,Male
Crew,Male
Crew,Male
Crew,Male
Crew,Male
Crew,Male
Crew,Male
Crew,Male
Crew,Male
Crew,Male
Crew,Male
Crew,Male
Crew,Male
Crew,Male
Crew,Male
Crew,Male
Crew,Male
Crew,Male
Crew,Male
Crew,Male
Crew,Male
Crew,Male
Crew,Male
Crew,Male
Crew,Male
Crew,Male
Crew,Male
Crew,Male
Crew,Male
Crew,Male
Crew,Male
Crew,Male
Crew,Male
Crew,Male
Crew,Male
Crew,Male
Crew,Male
Crew,Male
Crew,Male
Crew,Male
Crew,Male
Crew,Male
Crew,Male
Crew,Male
Crew,Male
Crew,Male
Crew,Male
Crew,Male
Crew,Male
Crew,Male
Crew,Male
Crew,Male
Crew,Male
Crew,Male
Crew,Male
Crew,Male
Crew,Male
Crew,Male
Crew,Male
Crew,Male
Crew,Male
Crew,Male
Crew,Male
Crew,Male
Crew,Male
Crew,Male
Crew,Male
Crew,Male
Crew,Male
Crew,Male
Crew,Male
Crew,Male
Crew,Male
Crew,Male
Crew,Male
Crew,Male
Crew,Male
Crew,Male
Crew,Male
Crew,Male
Crew,Male
Crew,Male
Crew,Male
Crew,Male
Crew,Male
Crew,Male
Crew,Male
Crew,Male
Crew,Male
Crew,Male
Crew,Male
Crew,Male
Crew,Male
Crew,Male
Crew,Male
Crew,Male
Crew,Male
Crew,Male
Crew,Male
Crew,Male
Crew,Male
Crew,Male
Crew,Male
Crew,Male
Crew,Male
Crew,Male
Crew,Male
Crew,Male
Crew,Male
Crew,Male
Crew,Male
Crew,Male
Crew,Male
Crew,Male
Crew,Male
Crew,Male
Crew,Male
Crew,Male
Crew,Male
Crew,Male
Crew,Male
Crew,Male
Crew,Male
Crew,Male
Crew,Male
Crew,Male
Crew,Male
Crew,Male
Crew,Male
Crew,Male
Crew,Male
Crew,Male
Crew,Male
Crew,Male
Crew,Male
Crew,Male
Crew,Male
Crew,Male
Crew,Male
Crew,Male
Crew,Male
Crew,Male
Crew,Male
Crew,Male
Crew,Male
Crew,Male
Crew,Male
Crew,Male
Crew,Male
Crew,Male
Crew,Male
Crew,Male
Crew,Male
Crew,Male
Crew,Male
Crew,Male
Crew,Male
Crew,Male
Crew,Male
Crew,Male
Crew,Male
Crew,Male
Crew,Male
Crew,Male
Crew,Male
Crew,Male
Crew,Male
Crew,Male
Crew,Male
Crew,Male
Crew,Male
Crew,Male
Crew,Male
Crew,Male
Crew,Male
Crew,Male
Crew,Male
Crew,Male
Crew,Male
Crew,Male
Crew,Male
Crew,Male
Crew,Male
Crew,Male
Crew,Male
Crew,Male
Crew,Male
Crew,Male
Crew,Male
Crew,Male
Crew,Male
Crew,Male
Crew,Male
Crew,Male
Crew,Male
Crew,Male
Crew,Male
Crew,Male
Crew,Male
Crew,Male
Crew,Male
Crew,Male
Crew,Male
Crew,Male
Crew,Male
Crew,Male
Crew,Male
Crew,Male
Crew,Male
Crew,Male
Crew,Male
Crew,Male
Crew,Male
Crew,Male
Crew,Male
Crew,Male
Crew,Male
Crew,Male
Crew,Male
Crew,Male
Crew,Male
Crew,Male
Crew,Male
Crew,Male
Crew,Male
Crew,Male
Crew,Male
Crew,Male
Crew,Male
Crew,Male
Crew,Male
Crew,Male
Crew,Male
Crew,Male
Crew,Male
Crew,Male
Crew,Male
Crew,Male
Crew,Male
Crew,Male
Crew,Male
Crew,Male
Crew,Male
Crew,Male
Crew,Male
Crew,Male
Crew,Male
Crew,Male
Crew,Male
Crew,Male
Crew,Male
Crew,Male
Crew,Male
Crew,Male
Crew,Male
Crew,Male
Crew,Male
Crew,Male
Crew,Male
Crew,Male
Crew,Male
Crew,Male
Crew,Male
Crew,Male
Crew,Male
Crew,Male
Crew,Male
Crew,Male
Crew,Male
Crew,Male
Crew,Male
Crew,Male
Crew,Male
Crew,Male
Crew,Male
Crew,Male
Crew,Male
Crew,Male
Crew,Male
Crew,Male
Crew,Male
Crew,Male
Crew,Male
Crew,Male
Crew,Male
Crew,Male
Crew,Male
Crew,Male
Crew,Male
Crew,Male
Crew,Male
Crew,Male
Crew,Male
Crew,Male
Crew,Male
Crew,Male
Crew,Male
Crew,Male
Crew,Male
Crew,Male
Crew,Male
Crew,Male
Crew,Male
Crew,Male
Crew,Male
Crew,Male
Crew,Male
Crew,Female
Crew,Female
Crew,Female
Crew,Female
Crew,Female
Crew,Female
Crew,Female
First,Male
First,Male
First,Male
First,Male
First,Male
First,Male
First,Male
First,Male
First,Male
First,Male
First,Male
First,Male
First,Male
First,Male
First,Male
First,Male
First,Male
First,Male
First,Male
First,Male
First,Male
First,Male
First,Male
First,Male
First,Male
First,Male
First,Male
First,Male
First,Male
First,Male
First,Male
First,Male
First,Male
First,Male
First,Male
First,Male
First,Male
First,Male
First,Male
First,Male
First,Male
First,Male
First,Male
First,Male
First,Male
First,Male
First,Male
First,Male
First,Male
First,Male
First,Male
First,Male
First,Male
First,Male
First,Male
First,Male
First,Male
First,Male
First,Male
First,Male
First,Male
First,Male
First,Male
First,Male
First,Male
First,Male
First,Male
First,Male
First,Male
First,Male
First,Male
First,Male
First,Male
First,Male
First,Male
First,Male
First,Male
First,Male
First,Male
First,Male
First,Male
First,Male
First,Male
First,Male
First,Male
First,Male
First,Male
First,Male
First,Male
First,Male
First,Male
First,Male
First,Male
First,Male
First,Male
First,Male
First,Male
First,Male
First,Male
First,Male
First,Male
First,Male
First,Male
First,Male
First,Male
First,Male
First,Male
First,Male
First,Male
First,Male
First,Male
First,Male
First,Male
First,Male
First,Male
First,Male
First,Male
First,Male
First,Male
First,Male
First,Male
First,Male
First,Male
First,Male
First,Male
First,Male
First,Male
First,Male
First,Male
First,Male
First,Male
First,Male
First,Male
First,Male
First,Male
First,Male
First,Male
First,Male
First,Male
First,Male
First,Male
First,Male
First,Male
First,Male
First,Male
First,Male
First,Male
First,Male
First,Male
First,Male
First,Male
First,Male
First,Male
First,Male
First,Male
First,Male
First,Male
First,Male
First,Male
First,Male
First,Male
First,Male
First,Male
First,Male
First,Male
First,Male
First,Male
First,Male
First,Male
First,Male
First,Male
First,Male
First,Male
First,Male
First,Male
First,Male
First,Male
First,Male
First,Male
First,Male
First,Male
First,Male
First,Female
First,Female
First,Female
First,Female
First,Female
First,Female
First,Female
First,Female
First,Female
First,Female
First,Female
First,Female
First,Female
First,Female
First,Female
First,Female
First,Female
First,Female
First,Female
First,Female
First,Female
First,Female
First,Female
First,Female
First,Female
First,Female
First,Female
First,Female
First,Female
First,Female
First,Female
First,Female
First,Female
First,Female
First,Female
First,Female
First,Female
First,Female
First,Female
First,Female
First,Female
First,Female
First,Female
First,Female
First,Female
First,Female
First,Female
First,Female
First,Female
First,Female
First,Female
First,Female
First,Female
First,Female
First,Female
First,Female
First,Female
First,Female
First,Female
First,Female
First,Female
First,Female
First,Female
First,Female
First,Female
First,Female
First,Female
First,Female
First,Female
First,Female
First,Female
First,Female
First,Female
First,Female
First,Female
First,Female
First,Female
First,Female
First,Female
First,Female
First,Female
First,Female
First,Female
First,Female
First,Female
First,Female
First,Female
First,Female
First,Female
First,Female
First,Female
First,Female
First,Female
First,Female
First,Female
First,Female
First,Female
First,Female
First,Female
First,Female
First,Female
First,Female
First,Female
First,Female
First,Female
First,Female
First,Female
First,Female
First,Female
First,Female
First,Female
First,Female
First,Female
First,Female
First,Female
First,Female
First,Female
First,Female
First,Female
First,Female
First,Female
First,Female
First,Female
First,Female
First,Female
First,Female
First,Female
First,Female
First,Female
First,Female
First,Female
First,Female
First,Female
First,Female
First,Female
First,Female
First,Female
First,Female
First,Female
First,Female
First,Female
First,Female
First,Female
Second,Male
Second,Male
Second,Male
Second,Male
Second,Male
Second,Male
Second,Male
Second,Male
Second,Male
Second,Male
Second,Male
Second,Male
Second,Male
Second,Male
Second,Male
Second,Male
Second,Male
Second,Male
Second,Male
Second,Male
Second,Male
Second,Male
Second,Male
Second,Male
Second,Male
Second,Male
Second,Male
Second,Male
Second,Male
Second,Male
Second,Male
Second,Male
Second,Male
Second,Male
Second,Male
Second,Male
Second,Male
Second,Male
Second,Male
Second,Male
Second,Male
Second,Male
Second,Male
Second,Male
Second,Male
Second,Male
Second,Male
Second,Male
Second,Male
Second,Male
Second,Male
Second,Male
Second,Male
Second,Male
Second,Male
Second,Male
Second,Male
Second,Male
Second,Male
Second,Male
Second,Male
Second,Male
Second,Male
Second,Male
Second,Male
Second,Male
Second,Male
Second,Male
Second,Male
Second,Male
Second,Male
Second,Male
Second,Male
Second,Male
Second,Male
Second,Male
Second,Male
Second,Male
Second,Male
Second,Male
Second,Male
Second,Male
Second,Male
Second,Male
Second,Male
Second,Male
Second,Male
Second,Male
Second,Male
Second,Male
Second,Male
Second,Male
Second,Male
Second,Male
Second,Male
Second,Male
Second,Male
Second,Male
Second,Male
Second,Male
Second,Male
Second,Male
Second,Male
Second,Male
Second,Male
Second,Male
Second,Male
Second,Male
Second,Male
Second,Male
Second,Male
Second,Male
Second,Male
Second,Male
Second,Male
Second,Male
Second,Male
Second,Male
Second,Male
Second,Male
Second,Male
Second,Male
Second,Male
Second,Male
Second,Male
Second,Male
Second,Male
Second,Male
Second,Male
Second,Male
Second,Male
Second,Male
Second,Male
Second,Male
Second,Male
Second,Male
Second,Male
Second,Male
Second,Male
Second,Male
Second,Male
Second,Male
Second,Male
Second,Male
Second,Male
Second,Male
Second,Male
Second,Male
Second,Male
Second,Male
Second,Male
Second,Male
Second,Male
Second,Male
Second,Male
Second,Male
Second,Male
Second,Male
Second,Male
Second,Male
Second,Male
Second,Male
Second,Male
Second,Male
Second,Male
Second,Male
Second,Male
Second,Male
Second,Male
Second,Male
Second,Male
Second,Male
Second,Male
Second,Male
Second,Male
Second,Male
Second,Male
Second,Female
Second,Female
Second,Female
Second,Female
Second,Female
Second,Female
Second,Female
Second,Female
Second,Female
Second,Female
Second,Female
Second,Female
Second,Female
Second,Female
Second,Female
Second,Female
Second,Female
Second,Female
Second,Female
Second,Female
Second,Female
Second,Female
Second,Female
Second,Female
Second,Female
Second,Female
Second,Female
Second,Female
Second,Female
Second,Female
Second,Female
Second,Female
Second,Female
Second,Female
Second,Female
Second,Female
Second,Female
Second,Female
Second,Female
Second,Female
Second,Female
Second,Female
Second,Female
Second,Female
Second,Female
Second,Female
Second,Female
Second,Female
Second,Female
Second,Female
Second,Female
Second,Female
Second,Female
Second,Female
Second,Female
Second,Female
Second,Female
Second,Female
Second,Female
Second,Female
Second,Female
Second,Female
Second,Female
Second,Female
Second,Female
Second,Female
Second,Female
Second,Female
Second,Female
Second,Female
Second,Female
Second,Female
Second,Female
Second,Female
Second,Female
Second,Female
Second,Female
Second,Female
Second,Female
Second,Female
Second,Female
Second,Female
Second,Female
Second,Female
Second,Female
Second,Female
Second,Female
Second,Female
Second,Female
Second,Female
Second,Female
Second,Female
Second,Female
Second,Female
Second,Female
Second,Female
Second,Female
Second,Female
Second,Female
Second,Female
Second,Female
Second,Female
Second,Female
Second,Female
Second,Female
Second,Female
Second,Female
Second,Female
Third,Male
Third,Male
Third,Male
Third,Male
Third,Male
Third,Male
Third,Male
Third,Male
Third,Male
Third,Male
Third,Male
Third,Male
Third,Male
Third,Male
Third,Male
Third,Male
Third,Male
Third,Male
Third,Male
Third,Male
Third,Male
Third,Male
Third,Male
Third,Male
Third,Male
Third,Male
Third,Male
Third,Male
Third,Male
Third,Male
Third,Male
Third,Male
Third,Male
Third,Male
Third,Male
Third,Male
Third,Male
Third,Male
Third,Male
Third,Male
Third,Male
Third,Male
Third,Male
Third,Male
Third,Male
Third,Male
Third,Male
Third,Male
Third,Male
Third,Male
Third,Male
Third,Male
Third,Male
Third,Male
Third,Male
Third,Male
Third,Male
Third,Male
Third,Male
Third,Male
Third,Male
Third,Male
Third,Male
Third,Male
Third,Male
Third,Male
Third,Male
Third,Male
Third,Male
Third,Male
Third,Male
Third,Male
Third,Male
Third,Male
Third,Male
Third,Male
Third,Male
Third,Male
Third,Male
Third,Male
Third,Male
Third,Male
Third,Male
Third,Male
Third,Male
Third,Male
Third,Male
Third,Male
Third,Male
Third,Male
Third,Male
Third,Male
Third,Male
Third,Male
Third,Male
Third,Male
Third,Male
Third,Male
Third,Male
Third,Male
Third,Male
Third,Male
Third,Male
Third,Male
Third,Male
Third,Male
Third,Male
Third,Male
Third,Male
Third,Male
Third,Male
Third,Male
Third,Male
Third,Male
Third,Male
Third,Male
Third,Male
Third,Male
Third,Male
Third,Male
Third,Male
Third,Male
Third,Male
Third,Male
Third,Male
Third,Male
Third,Male
Third,Male
Third,Male
Third,Male
Third,Male
Third,Male
Third,Male
Third,Male
Third,Male
Third,Male
Third,Male
Third,Male
Third,Male
Third,Male
Third,Male
Third,Male
Third,Male
Third,Male
Third,Male
Third,Male
Third,Male
Third,Male
Third,Male
Third,Male
Third,Male
Third,Male
Third,Male
Third,Male
Third,Male
Third,Male
Third,Male
Third,Male
Third,Male
Third,Male
Third,Male
Third,Male
Third,Male
Third,Male
Third,Male
Third,Male
Third,Male
Third,Male
Third,Male
Third,Male
Third,Male
Third,Male
Third,Male
Third,Male
Third,Male
Third,Male
Third,Male
Third,Male
Third,Male
Third,Male
Third,Male
Third,Male
Third,Male
Third,Male
Third,Male
Third,Male
Third,Male
Third,Male
Third,Male
Third,Male
Third,Male
Third,Male
Third,Male
Third,Male
Third,Male
Third,Male
Third,Male
Third,Male
Third,Male
Third,Male
Third,Male
Third,Male
Third,Male
Third,Male
Third,Male
Third,Male
Third,Male
Third,Male
Third,Male
Third,Male
Third,Male
Third,Male
Third,Male
Third,Male
Third,Male
Third,Male
Third,Male
Third,Male
Third,Male
Third,Male
Third,Male
Third,Male
Third,Male
Third,Male
Third,Male
Third,Male
Third,Male
Third,Male
Third,Male
Third,Male
Third,Male
Third,Male
Third,Male
Third,Male
Third,Male
Third,Male
Third,Male
Third,Male
Third,Male
Third,Male
Third,Male
Third,Male
Third,Male
Third,Male
Third,Male
Third,Male
Third,Male
Third,Male
Third,Male
Third,Male
Third,Male
Third,Male
Third,Male
Third,Male
Third,Male
Third,Male
Third,Male
Third,Male
Third,Male
Third,Male
Third,Male
Third,Male
Third,Male
Third,Male
Third,Male
Third,Male
Third,Male
Third,Male
Third,Male
Third,Male
Third,Male
Third,Male
Third,Male
Third,Male
Third,Male
Third,Male
Third,Male
Third,Male
Third,Male
Third,Male
Third,Male
Third,Male
Third,Male
Third,Male
Third,Male
Third,Male
Third,Male
Third,Male
Third,Male
Third,Male
Third,Male
Third,Male
Third,Male
Third,Male
Third,Male
Third,Male
Third,Male
Third,Male
Third,Male
Third,Male
Third,Male
Third,Male
Third,Male
Third,Male
Third,Male
Third,Male
Third,Male
Third,Male
Third,Male
Third,Male
Third,Male
Third,Male
Third,Male
Third,Male
Third,Male
Third,Male
Third,Male
Third,Male
Third,Male
Third,Male
Third,Male
Third,Male
Third,Male
Third,Male
Third,Male
Third,Male
Third,Male
Third,Male
Third,Male
Third,Male
Third,Male
Third,Male
Third,Male
Third,Male
Third,Male
Third,Male
Third,Male
Third,Male
Third,Male
Third,Male
Third,Male
Third,Male
Third,Male
Third,Male
Third,Male
Third,Male
Third,Male
Third,Male
Third,Male
Third,Male
Third,Male
Third,Male
Third,Male
Third,Male
Third,Male
Third,Male
Third,Male
Third,Male
Third,Male
Third,Male
Third,Male
Third,Male
Third,Male
Third,Male
Third,Male
Third,Male
Third,Male
Third,Male
Third,Male
Third,Male
Third,Male
Third,Male
Third,Male
Third,Male
Third,Male
Third,Male
Third,Male
Third,Male
Third,Male
Third,Male
Third,Male
Third,Male
Third,Male
Third,Male
Third,Male
Third,Male
Third,Male
Third,Male
Third,Male
Third,Male
Third,Male
Third,Male
Third,Male
Third,Male
Third,Male
Third,Male
Third,Male
Third,Male
Third,Male
Third,Male
Third,Male
Third,Male
Third,Male
Third,Male
Third,Male
Third,Male
Third,Male
Third,Male
Third,Male
Third,Male
Third,Male
Third,Male
Third,Male
Third,Male
Third,Male
Third,Male
Third,Male
Third,Male
Third,Male
Third,Male
Third,Male
Third,Male
Third,Male
Third,Male
Third,Male
Third,Male
Third,Male
Third,Male
Third,Male
Third,Male
Third,Male
Third,Male
Third,Male
Third,Male
Third,Male
Third,Male
Third,Male
Third,Male
Third,Male
Third,Male
Third,Male
Third,Male
Third,Male
Third,Male
Third,Male
Third,Male
Third,Male
Third,Male
Third,Male
Third,Male
Third,Male
Third,Male
Third,Male
Third,Male
Third,Male
Third,Male
Third,Male
Third,Male
Third,Male
Third,Male
Third,Male
Third,Male
Third,Male
Third,Male
Third,Male
Third,Male
Third,Male
Third,Male
Third,Male
Third,Male
Third,Male
Third,Male
Third,Male
Third,Male
Third,Male
Third,Male
Third,Male
Third,Male
Third,Male
Third,Male
Third,Male
Third,Male
Third,Male
Third,Male
Third,Male
Third,Male
Third,Male
Third,Male
Third,Male
Third,Male
Third,Male
Third,Male
Third,Male
Third,Male
Third,Female
Third,Female
Third,Female
Third,Female
Third,Female
Third,Female
Third,Female
Third,Female
Third,Female
Third,Female
Third,Female
Third,Female
Third,Female
Third,Female
Third,Female
Third,Female
Third,Female
Third,Female
Third,Female
Third,Female
Third,Female
Third,Female
Third,Female
Third,Female
Third,Female
Third,Female
Third,Female
Third,Female
Third,Female
Third,Female
Third,Female
Third,Female
Third,Female
Third,Female
Third,Female
Third,Female
Third,Female
Third,Female
Third,Female
Third,Female
Third,Female
Third,Female
Third,Female
Third,Female
Third,Female
Third,Female
Third,Female
Third,Female
Third,Female
Third,Female
Third,Female
Third,Female
Third,Female
Third,Female
Third,Female
Third,Female
Third,Female
Third,Female
Third,Female
Third,Female
Third,Female
Third,Female
Third,Female
Third,Female
Third,Female
Third,Female
Third,Female
Third,Female
Third,Female
Third,Female
Third,Female
Third,Female
Third,Female
Third,Female
Third,Female
Third,Female
Third,Female
Third,Female
Third,Female
Third,Female
Third,Female
Third,Female
Third,Female
Third,Female
Third,Female
Third,Female
Third,Female
Third,Female
Third,Female
Third,Female
Third,Female
Third,Female
Third,Female
Third,Female
Third,Female
Third,Female
Third,Female
Third,Female
Third,Female
Third,Female
Third,Female
Third,Female
Third,Female
Third,Female
Third,Female
Third,Female
Third,Female
Third,Female
Third,Female
Third,Female
Third,Female
Third,Female
Third,Female
Third,Female
Third,Female
Third,Female
Third,Female
Third,Female
Third,Female
Third,Female
Third,Female
Third,Female
Third,Female
Third,Female
Third,Female
Third,Female
Third,Female
Third,Female
Third,Female
Third,Female
Third,Female
Third,Female
Third,Female
Third,Female
Third,Female
Third,Female
Third,Female
Third,Female
Third,Female
Third,Female
Third,Female
Third,Female
Third,Female
Third,Female
Third,Female
Third,Female
Third,Female
Third,Female
Third,Female
Third,Female
Third,Female
Third,Female
Third,Female
Third,Female
Third,Female
Third,Female
Third,Female
Third,Female
Third,Female
Third,Female
Third,Female
Third,Female
Third,Female
Third,Female
Third,Female
Third,Female
Third,Female
Third,Female
Third,Female
Third,Female
Third,Female
Third,Female
Third,Female
Third,Female
Third,Female
Third,Female
Third,Female
Third,Female
Third,Female
Third,Female
Third,Female
Third,Female
Third,Female
Third,Female
Third,Female
Third,Female
Third,Female
Third,Female
Third,Female
Third,Female
Third,Female
Third,Female
Third,Female
Third,Female
Third,Female
Third,Female
Third,Female
Third,Female
Third,Female
Third,Female
Third,Female
Third,Female
Third,Female
Third,Female
Third,Female
Third,Female
Third,Female
Third,Female
Third,Female
Third,Female
Third,Female
Third,Female
