Class,Survival
Crew,Survived
Crew,Survived
Crew,Survived
Crew,Survived
Crew,Survived
Crew,Survived
Crew,Survived
Crew,Survived
Crew,Survived
Crew,Survived
Crew,Survived
Crew,Survived
Crew,Survived
Crew,Survived
Crew,Survived
Crew,Survived
Crew,Survived
Crew,Survived
Crew,Survived
Crew,Survived
Crew,Survived
Crew,Survived
Crew,Survived
Crew,Survived
Crew,Survived
Crew,Survived
Crew,Survived
Crew,Survived
Crew,Survived
Crew,Survived
Crew,Survived
Crew,Survived
Crew,Survived
Crew,Survived
Crew,Survived
Crew,Survived
Crew,Survived
Crew,Survived
Crew,Survived
Crew,Survived
Crew,Survived
Crew,Survived
Crew,Survived
Crew,Survived
Crew,Survived
Crew,Survived
Crew,Survived
Crew,Survived
Crew,Survived
Crew,Survived
Crew,Survived
Crew,Survived
Crew,Survived
Crew,Survived
Crew,Survived
Crew,Survived
Crew,Survived
Crew,Survived
Crew,Survived
Crew,Survived
Crew,Survived
Crew,Survived
Crew,Survived
Crew,Survived
Crew,Survived
Crew,Survived
Crew,Survived
Crew,Survived
Crew,Survived
Crew,Survived
Crew,Survived
Crew,Survived
Crew,Survived
Crew,Survived
Crew,Survived
Crew,Survived
Crew,Survived
Crew,Survived
Crew,Survived
Crew,Survived
Crew,Survived
Crew,Survived
Crew,Survived
Crew,Survived
Crew,Survived
Crew,Survived
Crew,Survived
Crew,Survived
Crew,Survived
Crew,Survived
Crew,Survived
Crew,Survived
Crew,Survived
Crew,Survived
Crew,Survived
Crew,Survived
Crew,Survived
Crew,Survived
Crew,Survived
Crew,Survived
Crew,Survived
Crew,Survived
Crew,Survived
Crew,Survived
Crew,Survived
Crew,Survived
Crew,Survived
Crew,Survived
Crew,Survived
Crew,Survived
Crew,Survived
Crew,Survived
Crew,Survived
Crew,Survived
Crew,Survived
Crew,Survived
Crew,Survived
Crew,Survived
Crew,Survived
Crew,Survived
Crew,Survived
Crew,Survived
Crew,Survived
Crew,Survived
Crew,Survived
Crew,Survived
Crew,Survived
Crew,Survived
Crew,Survived
Crew,Survived
Crew,Survived
Crew,Survived
Crew,Survived
Crew,Survived
Crew,Survived
Crew,Survived
Crew,Survived
Crew,Survived
Crew,Survived
Crew,Survived
Crew,Survived
Crew,Survived
Crew,Survived
Crew,Survived
Crew,Survived
Crew,Survived
Crew,Survived
Crew,Survived
Crew,Survived
Crew,Survived
Crew,Survived
Crew,Survived
Crew,Survived
Crew,Survived
Crew,Survived
Crew,Survived
Crew,Survived
Crew,Survived
Crew,Survived
Crew,Survived
Crew,Survived
Crew,Survived
Crew,Survived
Crew,Survived
Crew,Survived
Crew,Survived
Crew,Survived
Crew,Survived
Crew,Survived
Crew,Survived
Crew,Survived
Crew,Survived
Crew,Survived
Crew,Survived
Crew,Survived
Crew,Survived
Crew,Survived
Crew,Survived
Crew,Survived
Crew,Survived
Crew,Survived
Crew,Survived
Crew,Survived
Crew,Survived
Crew,Survived
Crew,Survived
Crew,Survived
Crew,Survived
Crew,Survived
Crew,Survived
Crew,Survived
Crew,Survived
Crew,Survived
Crew,Survived
Crew,Survived
Crew,Survived
Crew,Survived
Crew,Survived
Crew,Survived
Crew,Survived
Crew,Survived
Crew,Survived
Crew,Survived
Crew,Survived
Crew,Survived
Crew,Survived
Crew,Survived
Crew,Survived
Crew,Survived
Crew,Survived
Crew,Survived
Crew,Survived
Crew,Died
Crew,Died
Crew,Died
Crew,Died
Crew,Died
Crew,Died
Crew,Died
Crew,Died
Crew,Died
Crew,Died
Crew,Died
Crew,Died
Crew,Died
Crew,Died
Crew,Died
Crew,Died
Crew,Died
Crew,Died
Crew,Died
Crew,Died
Crew,Died
Crew,Died
Crew,Died
Crew,Died
Crew,Died
Crew,Died
Crew,Died
Crew,Died
Crew,Died
Crew,Died
Crew,Died
Crew,Died
Crew,Died
Crew,Died
Crew,Died
Crew,Died
Crew,Died
Crew,Died
Crew,Died
Crew,Died
Crew,Died
Crew,Died
Crew,Died
Crew,Died
Crew,Died
Crew,Died
Crew,Died
Crew,Died
Crew,Died
Crew,Died
Crew,Died
Crew,Died
Crew,Died
Crew,Died
Crew,Died
Crew,Died
Crew,Died
Crew,Died
Crew,Died
Crew,Died
Crew,Died
Crew,Died
Crew,Died
Crew,Died
Crew,Died
Crew,Died
Crew,Died
Crew,Died
Crew,Died
Crew,Died
Crew,Died
Crew,Died
Crew,Died
Crew,Died
Crew,Died
Crew,Died
Crew,Died
Crew,Died
Crew,Died
Crew,Died
Crew,Died
Crew,Died
Crew,Died
Crew,Died
Crew,Died
Crew,Died
Crew,Died
Crew,Died
Crew,Died
Crew,Died
Crew,Died
Crew,Died
Crew,Died
Crew,Died
Crew,Died
Crew,Died
Crew,Died
Crew,Died
Crew,Died
Crew,Died
Crew,Died
Crew,Died
Crew,Died
Crew,Died
Crew,Died
Crew,Died
Crew,Died
Crew,Died
Crew,Died
Crew,Died
Crew,Died
Crew,Died
Crew,Died
Crew,Died
Crew,Died
Crew,Died
Crew,Died
Crew,Died
Crew,Died
Crew,Died
Crew,Died
Crew,Died
Crew,Died
Crew,Died
Crew,Died
Crew,Died
Crew,Died
Crew,Died
Crew,Died
Crew,Died
Crew,Died
Crew,Died
Crew,Died
Crew,Died
Crew,Died
Crew,Died
Crew,Died
Crew,Died
Crew,Died
Crew,Died
Crew,Died
Crew,Died
Crew,Died
Crew,Died
Crew,Died
Crew,Died
Crew,Died
Crew,Died
Crew,Died
Crew,Died
Crew,Died
Crew,Died
Crew,Died
Crew,Died
Crew,Died
Crew,Died
Crew,Died
Crew,Died
Crew,Died
Crew,Died
Crew,Died
Crew,Died
Crew,Died
Crew,Died
Crew,Died
Crew,Died
Crew,Died
Crew,Died
Crew,Died
Crew,Died
Crew,Died
Crew,Died
Crew,Died
Crew,Died
Crew,Died
Crew,Died
Crew,Died
Crew,Died
Crew,Died
Crew,Died
Crew,Died
Crew,Died
Crew,Died
Crew,Died
Crew,Died
Crew,Died
Crew,Died
Crew,Died
Crew,Died
Crew,Died
Crew,Died
Crew,Died
Crew,Died
Crew,Died
Crew,Died
Crew,Died
Crew,Died
Crew,Died
Crew,Died
Crew,Died
Crew,Died
Crew,Died
Crew,Died
Crew,Died
Crew,Died
Crew,Died
Crew,Died
Crew,Died
Crew,Died
Crew,Died
Crew,Died
Crew,Died
Crew,Died
Crew,Died
Crew,Died
Crew,Died
Crew,Died
Crew,Died
Crew,Died
Crew,Died
Crew,Died
Crew,Died
Crew,Died
Crew,Died
Crew,Died
Crew,Died
Crew,Died
Crew,Died
Crew,Died
Crew,Died
Crew,Died
Crew,Died
Crew,Died
Crew,Died
Crew,Died
Crew,Died
Crew,Died
Crew,Died
Crew,Died
Crew,Died
Crew,Died
Crew,Died
Crew,Died
Crew,Died
Crew,Died
Crew,Died
Crew,Died
Crew,Died
Crew,Died
Crew,Died
Crew,Died
Crew,Died
Crew,Died
Crew,Died
Crew,Died
Crew,Died
Crew,Died
Crew,Died
Crew,Died
Crew,Died
Crew,Died
Crew,Died
Crew,Died
Crew,Died
Crew,Died
Crew,Died
Crew,Died
Crew,Died
Crew,Died
Crew,Died
Crew,Died
Crew,Died
Crew,Died
Crew,Died
Crew,Died
Crew,Died
Crew,Died
Crew,Died
Crew,Died
Crew,Died
Crew,Died
Crew,Died
Crew,Died
Crew,Died
Crew,Died
Crew,Died
Crew,Died
Crew,Died
Crew,Died
Crew,Died
Crew,Died
Crew,Died
Crew,Died
Crew,Died
Crew,Died
Crew,Died
Crew,Died
Crew,Died
Crew,Died
Crew,Died
Crew,Died
Crew,Died
Crew,Died
Crew,Died
Crew,Died
Crew,Died
Crew,Died
Crew,Died
Crew,Died
Crew,Died
Crew,Died
Crew,Died
Crew,Died
Crew,Died
Crew,Died
Crew,Died
Crew,Died
Crew,Died
Crew,Died
Crew,Died
Crew,Died
Crew,Died
Crew,Died
Crew,Died
Crew,Died
Crew,Died
Crew,Died
Crew,Died
Crew,Died
Crew,Died
Crew,Died
Crew,Died
Crew,Died
Crew,Died
Crew,Died
Crew,Died
Crew,Died
Crew,Died
Crew,Died
Crew,Died
Crew,Died
Crew,Died
Crew,Died
Crew,Died
Crew,Died
Crew,Died
Crew,Died
Crew,Died
Crew,Died
Crew,Died
Crew,Died
Crew,Died
Crew,Died
Crew,Died
Crew,Died
Crew,Died
Crew,Died
Crew,Died
Crew,Died
Crew,Died
Crew,Died
Crew,Died
Crew,Died
Crew,Died
Crew,Died
Crew,Died
Crew,Died
Crew,Died
Crew,Died
Crew,Died
Crew,Died
Crew,Died
Crew,Died
Crew,Died
Crew,Died
Crew,Died
Crew,Died
Crew,Died
Crew,Died
Crew,Died
Crew,Died
Crew,Died
Crew,Died
Crew,Died
Crew,Died
Crew,Died
Crew,Died
Crew,Died
Crew,Died
Crew,Died
Crew,Died
Crew,Died
Crew,Died
Crew,Died
Crew,Died
Crew,Died
Crew,Died
Crew,Died
Crew,Died
Crew,Died
Crew,Died
Crew,Died
Crew,Died
Crew,Died
Crew,Died
Crew,Died
Crew,Died
Crew,Died
Crew,Died
Crew,Died
Crew,Died
Crew,Died
Crew,Died
Crew,Died
Crew,Died
Crew,Died
Crew,Died
Crew,Died
Crew,Died
Crew,Died
Crew,Died
Crew,Died
Crew,Died
Crew,Died
Crew,Died
Crew,Died
Crew,Died
Crew,Died
Crew,Died
Crew,Died
Crew,Died
Crew,Died
Crew,Died
Crew,Died
Crew,Died
Crew,Died
Crew,Died
Crew,Died
Crew,Died
Crew,Died
Crew,Died
Crew,Died
Crew,Died
Crew,Died
Crew,Died
Crew,Died
Crew,Died
Crew,Died
Crew,Died
Crew,Died
Crew,Died
Crew,Died
Crew,Died
Crew,Died
Crew,Died
Crew,Died
Crew,Died
Crew,Died
Crew,Died
Crew,Died
Crew,Died
Crew,Died
Crew,Died
Crew,Died
Crew,Died
Crew,Died
Crew,Died
Crew,Died
Crew,Died
Crew,Died
Crew,Died
Crew,Died
Crew,Died
Crew,Died
Crew,Died
Crew,Died
Crew,Died
Crew,Died
Crew,Died
Crew,Died
Crew,Died
Crew,Died
Crew,Died
Crew,Died
Crew,Died
Crew,Died
Crew,Died
Crew,Died
Crew,Died
Crew,Died
Crew,Died
Crew,Died
Crew,Died
Crew,Died
Crew,Died
Crew,Died
Crew,Died
Crew,Died
Crew,Died
Crew,Died
Crew,Died
Crew,Died
Crew,Died
Crew,Died
Crew,Died
Crew,Died
Crew,Died
Crew,Died
Crew,Died
Crew,Died
Crew,Died
Crew,Died
Crew,Died
Crew,Died
Crew,Died
Crew,Died
Crew,Died
Crew,Died
Crew,Died
Crew,Died
Crew,Died
Crew,Died
Crew,Died
Crew,Died
Crew,Died
Crew,Died
Crew,Died
Crew,Died
Crew,Died
Crew,Died
Crew,Died
Crew,Died
Crew,Died
Crew,Died
Crew,Died
Crew,Died
Crew,Died
Crew,Died
Crew,Died
Crew,Died
Crew,Died
Crew,Died
Crew,Died
Crew,Died
Crew,Died
Crew,Died
Crew,Died
Crew,Died
Crew,Died
Crew,Died
Crew,Died
Crew,Died
Crew,Died
Crew,Died
Crew,Died
Crew,Died
Crew,Died
Crew,Died
Crew,Died
Crew,Died
Crew,Died
Crew,Died
Crew,Died
Crew,Died
Crew,Died
Crew,Died
Crew,Died
Crew,Died
Crew,Died
Crew,Died
Crew,Died
Crew,Died
Crew,Died
Crew,Died
Crew,Died
Crew,Died
Crew,Died
Crew,Died
Crew,Died
Crew,Died
Crew,Died
Crew,Died
Crew,Died
Crew,Died
Crew,Died
Crew,Died
Crew,Died
Crew,Died
Crew,Died
Crew,Died
Crew,Died
Crew,Died
Crew,Died
Crew,Died
Crew,Died
Crew,Died
Crew,Died
Crew,Died
Crew,Died
Crew,Died
Crew,Died
Crew,Died
Crew,Died
Crew,Died
Crew,Died
Crew,Died
Crew,Died
Crew,Died
Crew,Died
Crew,Died
Crew,Died
Crew,Died
Crew,Died
Crew,Died
Crew,Died
Crew,Died
Crew,Died
Crew,Died
Crew,Died
Crew,Died
Crew,Died
Crew,Died
Crew,Died
Crew,Died
Crew,Died
Crew,Died
Crew,Died
Crew,Died
Crew,Died
Crew,Died
Crew,Died
Crew,Died
Crew,Died
Crew,Died
Crew,Died
Crew,Died
Crew,Died
Crew,Died
Crew,Died
Crew,Died
Crew,Died
Crew,Died
Crew,Died
Crew,Died
Crew,Died
Crew,Died
Crew,Died
Crew,Died
Crew,Died
Crew,Died
Crew,Died
Crew,Died
Crew,Died
Crew,Died
Crew,Died
Crew,Died
Crew,Died
Crew,Died
Crew,Died
Crew,Died
Crew,Died
Crew,Died
Crew,Died
Crew,Died
Crew,Died
Crew,Died
Crew,Died
Crew,Died
Crew,Died
Crew,Died
Crew,Died
Crew,Died
Crew,Died
First,Survived
First,Survived
First,Survived
First,Survived
First,Survived
First,Survived
First,Survived
First,Survived
First,Survived
First,Survived
First,Survived
First,Survived
First,Survived
First,Survived
First,Survived
First,Survived
First,Survived
First,Survived
First,Survived
First,Survived
First,Survived
First,Survived
First,Survived
First,Survived
First,Survived
First,Survived
First,Survived
First,Survived
First,Survived
First,Survived
First,Survived
First,Survived
First,Survived
First,Survived
First,Survived
First,Survived
First,Survived
First,Survived
First,Survived
First,Survived
First,Survived
First,Survived
First,Survived
First,Survived
First,Survived
First,Survived
First,Survived
First,Survived
First,Survived
First,Survived
First,Survived
First,Survived
First,Survived
First,Survived
First,Survived
First,Survived
First,Survived
First,Survived
First,Survived
First,Survived
First,Survived
First,Survived
First,Survived
First,Survived
First,Survived
First,Survived
First,Survived
First,Survived
First,Survived
First,Survived
First,Survived
First,Survived
First,Survived
First,Survived
First,Survived
First,Survived
First,Survived
First,Survived
First,Survived
First,Survived
First,Survived
First,Survived
First,Survived
First,Survived
First,Survived
First,Survived
First,Survived
First,Survived
First,Survived
First,Survived
First,Survived
First,Survived
First,Survived
First,Survived
First,Survived
First,Survived
First,Survived
First,Survived
First,Survived
First,Survived
First,Survived
First,Survived
First,Survived
First,Survived
First,Survived
First,Survived
First,Survived
First,Survived
First,Survived
First,Survived
First,Survived
First,Survived
First,Survived
First,Survived
First,Survived
First,Survived
First,Survived
First,Survived
First,Survived
First,Survived
First,Survived
First,Survived
First,Survived
First,Survived
First,Survived
First,Survived
First,Survived
First,Survived
First,Survived
First,Survived
First,Survived
First,Survived
First,Survived
First,Survived
First,Survived
First,Survived
First,Survived
First,Survived
First,Survived
First,Survived
First,Survived
First,Survived
First,Survived
First,Survived
First,Survived
First,Survived
First,Survived
First,Survived
First,Survived
First,Survived
First,Survived
First,Survived
First,Survived
First,Survived
First,Survived
First,Survived
First,Survived
First,Survived
First,Survived
First,Survived
First,Survived
First,Survived
First,Survived
First,Survived
First,Survived
First,Survived
First,Survived
First,Survived
First,Survived
First,Survived
First,Survived
First,Survived
First,Survived
First,Survived
First,Survived
First,Survived
First,Survived
First,Survived
First,Survived
First,Survived
First,Survived
First,Survived
First,Survived
First,Survived
First,Survived
First,Survived
First,Survived
First,Survived
First,Survived
First,Survived
First,Survived
First,Survived
First,Survived
First,Survived
First,Survived
First,Survived
First,Survived
First,Survived
First,Survived
First,Survived
First,Survived
First,Survived
First,Died
First,Died
First,Died
First,Died
First,Died
First,Died
First,Died
First,Died
First,Died
First,Died
First,Died
First,Died
First,Died
First,Died
First,Died
First,Died
First,Died
First,Died
First,Died
First,Died
First,Died
First,Died
First,Died
First,Died
First,Died
First,Died
First,Died
First,Died
First,Died
First,Died
First,Died
First,Died
First,Died
First,Died
First,Died
First,Died
First,Died
First,Died
First,Died
First,Died
First,Died
First,Died
First,Died
First,Died
First,Died
First,Died
First,Died
First,Died
First,Died
First,Died
First,Died
First,Died
First,Died
First,Died
First,Died
First,Died
First,Died
First,Died
First,Died
First,Died
First,Died
First,Died
First,Died
First,Died
First,Died
First,Died
First,Died
First,Died
First,Died
First,Died
First,Died
First,Died
First,Died
First,Died
First,Died
First,Died
First,Died
First,Died
First,Died
First,Died
First,Died
First,Died
First,Died
First,Died
First,Died
First,Died
First,Died
First,Died
First,Died
First,Died
First,Died
First,Died
First,Died
First,Died
First,Died
First,Died
First,Died
First,Died
First,Died
First,Died
First,Died
First,Died
First,Died
First,Died
First,Died
First,Died
First,Died
First,Died
First,Died
First,Died
First,Died
First,Died
First,Died
First,Died
First,Died
First,Died
First,Died
First,Died
First,Died
First,Died
First,Died
First,Died
First,Died
Second,Survived
Second,Survived
Second,Survived
Second,Survived
Second,Survived
Second,Survived
Second,Survived
Second,Survived
Second,Survived
Second,Survived
Second,Survived
Second,Survived
Second,Survived
Second,Survived
Second,Survived
Second,Survived
Second,Survived
Second,Survived
Second,Survived
Second,Survived
Second,Survived
Second,Survived
Second,Survived
Second,Survived
Second,Survived
Second,Survived
Second,Survived
Second,Survived
Second,Survived
Second,Survived
Second,Survived
Second,Survived
Second,Survived
Second,Survived
Second,Survived
Second,Survived
Second,Survived
Second,Survived
Second,Survived
Second,Survived
Second,Survived
Second,Survived
Second,Survived
Second,Survived
Second,Survived
Second,Survived
Second,Survived
Second,Survived
Second,Survived
Second,Survived
Second,Survived
Second,Survived
Second,Survived
Second,Survived
Second,Survived
Second,Survived
Second,Survived
Second,Survived
Second,Survived
Second,Survived
Second,Survived
Second,Survived
Second,Survived
Second,Survived
Second,Survived
Second,Survived
Second,Survived
Second,Survived
Second,Survived
Second,Survived
Second,Survived
Second,Survived
Second,Survived
Second,Survived
Second,Survived
Second,Survived
Second,Survived
Second,Survived
Second,Survived
Second,Survived
Second,Survived
Second,Survived
Second,Survived
Second,Survived
Second,Survived
Second,Survived
Second,Survived
Second,Survived
Second,Survived
Second,Survived
Second,Survived
Second,Survived
Second,Survived
Second,Survived
Second,Survived
Second,Survived
Second,Survived
Second,Survived
Second,Survived
Second,Survived
Second,Survived
Second,Survived
Second,Survived
Second,Survived
Second,Survived
Second,Survived
Second,Survived
Second,Survived
Second,Survived
Second,Survived
Second,Survived
Second,Survived
Second,Survived
Second,Survived
Second,Survived
Second,Survived
Second,Survived
Second,Survived
Second,Died
Second,Died
Second,Died
Second,Died
Second,Died
Second,Died
Second,Died
Second,Died
Second,Died
Second,Died
Second,Died
Second,Died
Second,Died
Second,Died
Second,Died
Second,Died
Second,Died
Second,Died
Second,Died
Second,Died
Second,Died
Second,Died
Second,Died
Second,Died
Second,Died
Second,Died
Second,Died
Second,Died
Second,Died
Second,Died
Second,Died
Second,Died
Second,Died
Second,Died
Second,Died
Second,Died
Second,Died
Second,Died
Second,Died
Second,Died
Second,Died
Second,Died
Second,Died
Second,Died
Second,Died
Second,Died
Second,Died
Second,Died
Second,Died
Second,Died
Second,Died
Second,Died
Second,Died
Second,Died
Second,Died
Second,Died
Second,Died
Second,Died
Second,Died
Second,Died
Second,Died
Second,Died
Second,Died
Second,Died
Second,Died
Second,Died
Second,Died
Second,Died
Second,Died
Second,Died
Second,Died
Second,Died
Second,Died
Second,Died
Second,Died
Second,Died
Second,Died
Second,Died
Second,Died
Second,Died
Second,Died
Second,Died
Second,Died
Second,Died
Second,Died
Second,Died
Second,Died
Second,Died
Second,Died
Second,Died
Second,Died
Second,Died
Second,Died
Second,Died
Second,Died
Second,Died
Second,Died
Second,Died
Second,Died
Second,Died
Second,Died
Second,Died
Second,Died
Second,Died
Second,Died
Second,Died
Second,Died
Second,Died
Second,Died
Second,Died
Second,Died
Second,Died
Second,Died
Second,Died
Second,Died
Second,Died
Second,Died
Second,Died
Second,Died
Second,Died
Second,Died
Second,Died
Second,Died
Second,Died
Second,Died
Second,Died
Second,Died
Second,Died
Second,Died
Second,Died
Second,Died
Second,Died
Second,Died
Second,Died
Second,Died
Second,Died
Second,Died
Second,Died
Second,Died
Second,Died
Second,Died
Second,Died
Second,Died
Second,Died
Second,Died
Second,Died
Second,Died
Second,Died
Second,Died
Second,Died
Second,Died
Second,Died
Second,Died
Second,Died
Second,Died
Second,Died
Second,Died
Second,Died
Second,Died
Second,Died
Second,Died
Second,Died
Second,Died
Second,Died
Second,Died
Second,Died
Second,Died
Third,Survived
Third,Survived
Third,Survived
Third,Survived
Third,Survived
Third,Survived
Third,Survived
Third,Survived
Third,Survived
Third,Survived
Third,Survived
Third,Survived
Third,Survived
Third,Survived
Third,Survived
Third,Survived
Third,Survived
Third,Survived
Third,Survived
Third,Survived
Third,Survived
Third,Survived
Third,Survived
Third,Survived
Third,Survived
Third,Survived
Third,Survived
Third,Survived
Third,Survived
Third,Survived
Third,Survived
Third,Survived
Third,Survived
Third,Survived
Third,Survived
Third,Survived
Third,Survived
Third,Survived
Third,Survived
Third,Survived
Third,Survived
Third,Survived
Third,Survived
Third,Survived
Third,Survived
Third,Survived
Third,Survived
Third,Survived
Third,Survived
Third,Survived
Third,Survived
Third,Survived
Third,Survived
Third,Survived
Third,Survived
Third,Survived
Third,Survived
Third,Survived
Third,Survived
Third,Survived
Third,Survived
Third,Survived
Third,Survived
Third,Survived
Third,Survived
Third,Survived
Third,Survived
Third,Survived
Third,Survived
Third,Survived
Third,Survived
Third,Survived
Third,Survived
Third,Survived
Third,Survived
Third,Survived
Third,Survived
Third,Survived
Third,Survived
Third,Survived
Third,Survived
Third,Survived
Third,Survived
Third,Survived
Third,Survived
Third,Survived
Third,Survived
Third,Survived
Third,Survived
Third,Survived
Third,Survived
Third,Survived
Third,Survived
Third,Survived
Third,Survived
Third,Survived
Third,Survived
Third,Survived
Third,Survived
Third,Survived
Third,Survived
Third,Survived
Third,Survived
Third,Survived
Third,Survived
Third,Survived
Third,Survived
Third,Survived
Third,Survived
Third,Survived
Third,Survived
Third,Survived
Third,Survived
Third,Survived
Third,Survived
Third,Survived
Third,Survived
Third,Survived
Third,Survived
Third,Survived
Third,Survived
Third,Survived
Third,Survived
Third,Survived
Third,Survived
Third,Survived
Third,Survived
Third,Survived
Third,Survived
Third,Survived
Third,Survived
Third,Survived
Third,Survived
Third,Survived
Third,Survived
Third,Survived
Third,Survived
Third,Survived
Third,Survived
Third,Survived
Third,Survived
Third,Survived
Third,Survived
Third,Survived
Third,Survived
Third,Survived
Third,Survived
Third,Survived
Third,Survived
Third,Survived
Third,Survived
Third,Survived
Third,Survived
Third,Survived
Third,Survived
Third,Survived
Third,Survived
Third,Survived
Third,Survived
Third,Survived
Third,Survived
Third,Survived
Third,Survived
Third,Survived
Third,Survived
Third,Survived
Third,Survived
Third,Survived
Third,Survived
Third,Survived
Third,Survived
Third,Survived
Third,Survived
Third,Survived
Third,Survived
Third,Survived
Third,Survived
Third,Survived
Third,Died
Third,Died
Third,Died
Third,Died
Third,Died
Third,Died
Third,Died
Third,Died
Third,Died
Third,Died
Third,Died
Third,Died
Third,Died
Third,Died
Third,Died
Third,Died
Third,Died
Third,Died
Third,Died
Third,Died
Third,Died
Third,Died
Third,Died
Third,Died
Third,Died
Third,Died
Third,Died
Third,Died
Third,Died
Third,Died
Third,Died
Third,Died
Third,Died
Third,Died
Third,Died
Third,Died
Third,Died
Third,Died
Third,Died
Third,Died
Third,Died
Third,Died
Third,Died
Third,Died
Third,Died
Third,Died
Third,Died
Third,Died
Third,Died
Third,Died
Third,Died
Third,Died
Third,Died
Third,Died
Third,Died
Third,Died
Third,Died
Third,Died
Third,Died
Third,Died
Third,Died
Third,Died
Third,Died
Third,Died
Third,Died
Third,Died
Third,Died
Third,Died
Third,Died
Third,Died
Third,Died
Third,Died
Third,Died
Third,Died
Third,Died
Third,Died
Third,Died
Third,Died
Third,Died
Third,Died
Third,Died
Third,Died
Third,Died
Third,Died
Third,Died
Third,Died
Third,Died
Third,Died
Third,Died
Third,Died
Third,Died
Third,Died
Third,Died
Third,Died
Third,Died
Third,Died
Third,Died
Third,Died
Third,Died
Third,Died
Third,Died
Third,Died
Third,Died
Third,Died
Third,Died
Third,Died
Third,Died
Third,Died
Third,Died
Third,Died
Third,Died
Third,Died
Third,Died
Third,Died
Third,Died
Third,Died
Third,Died
Third,Died
Third,Died
Third,Died
Third,Died
Third,Died
Third,Died
Third,Died
Third,Died
Third,Died
Third,Died
Third,Died
Third,Died
Third,Died
Third,Died
Third,Died
Third,Died
Third,Died
Third,Died
Third,Died
Third,Died
Third,Died
Third,Died
Third,Died
Third,Died
Third,Died
Third,Died
Third,Died
Third,Died
Third,Died
Third,Died
Third,Died
Third,Died
Third,Died
Third,Died
Third,Died
Third,Died
Third,Died
Third,Died
Third,Died
Third,Died
Third,Died
Third,Died
Third,Died
Third,Died
Third,Died
Third,Died
Third,Died
Third,Died
Third,Died
Third,Died
Third,Died
Third,Died
Third,Died
Third,Died
Third,Died
Third,Died
Third,Died
Third,Died
Third,Died
Third,Died
Third,Died
Third,Died
Third,Died
Third,Died
Third,Died
Third,Died
Third,Died
Third,Died
Third,Died
Third,Died
Third,Died
Third,Died
Third,Died
Third,Died
Third,Died
Third,Died
Third,Died
Third,Died
Third,Died
Third,Died
Third,Died
Third,Died
Third,Died
Third,Died
Third,Died
Third,Died
Third,Died
Third,Died
Third,Died
Third,Died
Third,Died
Third,Died
Third,Died
Third,Died
Third,Died
Third,Died
Third,Died
Third,Died
Third,Died
Third,Died
Third,Died
Third,Died
Third,Died
Third,Died
Third,Died
Third,Died
Third,Died
Third,Died
Third,Died
Third,Died
Third,Died
Third,Died
Third,Died
Third,Died
Third,Died
Third,Died
Third,Died
Third,Died
Third,Died
Third,Died
Third,Died
Third,Died
Third,Died
Third,Died
Third,Died
Third,Died
Third,Died
Third,Died
Third,Died
Third,Died
Third,Died
Third,Died
Third,Died
Third,Died
Third,Died
Third,Died
Third,Died
Third,Died
Third,Died
Third,Died
Third,Died
Third,Died
Third,Died
Third,Died
Third,Died
Third,Died
Third,Died
Third,Died
Third,Died
Third,Died
Third,Died
Third,Died
Third,Died
Third,Died
Third,Died
Third,Died
Third,Died
Third,Died
Third,Died
Third,Died
Third,Died
Third,Died
Third,Died
Third,Died
Third,Died
Third,Died
Third,Died
Third,Died
Third,Died
Third,Died
Third,Died
Third,Died
Third,Died
Third,Died
Third,Died
Third,Died
Third,Died
Third,Died
Third,Died
Third,Died
Third,Died
Third,Died
Third,Died
Third,Died
Third,Died
Third,Died
Third,Died
Third,Died
Third,Died
Third,Died
Third,Died
Third,Died
Third,Died
Third,Died
Third,Died
Third,Died
Third,Died
Third,Died
Third,Died
Third,Died
Third,Died
Third,Died
Third,Died
Third,Died
Third,Died
Third,Died
Third,Died
Third,Died
Third,Died
Third,Died
Third,Died
Third,Died
Third,Died
Third,Died
Third,Died
Third,Died
Third,Died
Third,Died
Third,Died
Third,Died
Third,Died
Third,Died
Third,Died
Third,Died
Third,Died
Third,Died
Third,Died
Third,Died
Third,Died
Third,Died
Third,Died
Third,Died
Third,Died
Third,Died
Third,Died
Third,Died
Third,Died
Third,Died
Third,Died
Third,Died
Third,Died
Third,Died
Third,Died
Third,Died
Third,Died
Third,Died
Third,Died
Third,Died
Third,Died
Third,Died
Third,Died
Third,Died
Third,Died
Third,Died
Third,Died
Third,Died
Third,Died
Third,Died
Third,Died
Third,Died
Third,Died
Third,Died
Third,Died
Third,Died
Third,Died
Third,Died
Third,Died
Third,Died
Third,Died
Third,Died
Third,Died
Third,Died
Third,Died
Third,Died
Third,Died
Third,Died
Third,Died
Third,Died
Third,Died
Third,Died
Third,Died
Third,Died
Third,Died
Third,Died
Third,Died
Third,Died
Third,Died
Third,Died
Third,Died
Third,Died
Third,Died
Third,Died
Third,Died
Third,Died
Third,Died
Third,Died
Third,Died
Third,Died
Third,Died
Third,Died
Third,Died
Third,Died
Third,Died
Third,Died
Third,Died
Third,Died
Third,Died
Third,Died
Third,Died
Third,Died
Third,Died
Third,Died
Third,Died
Third,Died
Third,Died
Third,Died
Third,Died
Third,Died
Third,Died
Third,Died
Third,Died
Third,Died
Third,Died
Third,Died
Third,Died
Third,Died
Third,Died
Third,Died
Third,Died
Third,Died
Third,Died
Third,Died
Third,Died
Third,Died
Third,Died
Third,Died
Third,Died
Third,Died
Third,Died
Third,Died
Third,Died
Third,Died
Third,Died
Third,Died
Third,Died
Third,Died
Third,Died
Third,Died
Third,Died
Third,Died
Third,Died
Third,Died
Third,Died
Third,Died
Third,Died
Third,Died
Third,Died
Third,Died
Third,Died
Third,Died
Third,Died
Third,Died
Third,Died
Third,Died
Third,Died
Third,Died
Third,Died
Third,Died
Third,Died
Third,Died
Third,Died
Third,Died
Third,Died
Third,Died
Third,Died
Third,Died
Third,Died
Third,Died
Third,Died
Third,Died
Third,Died
Third,Died
Third,Died
Third,Died
Third,Died
Third,Died
Third,Died
Third,Died
Third,Died
Third,Died
Third,Died
Third,Died
Third,Died
Third,Died
Third,Died
Third,Died
Third,Died
Third,Died
Third,Died
Third,Died
Third,Died
Third,Died
Third,Died
Third,Died
Third,Died
Third,Died
Third,Died
Third,Died
Third,Died
Third,Died
Third,Died
